{"cameraMode":{"drawMode":0,"name":"Shaded","section":"Shading Mode"},"sceneLighting":true,"audioPlay":false,"sceneViewState":{"showFog":true,"showMaterialUpdate":false,"showSkybox":true,"showFlares":true,"showImageEffects":true,"showParticleSystems":true},"in2DMode":false,"pivot":{"x":-4.053585052490234,"y":5.7035675048828129,"z":-37.50198745727539},"rotation":{"x":0.11277920752763748,"y":-0.33296018838882449,"z":0.04014812037348747,"w":0.935310959815979},"size":20.056528091430665,"orthographic":false}